Title,Link,AuthorProfiles,DearOfPublication,DateOfPublication
A revisit to the role of gender in moderating the effect of emotional intelligence on leadership effectiveness: A study from Egypt,https://pureportal.coventry.ac.uk/en/publications/a-revisit-to-the-role-of-gender-in-moderating-the-effect-of-emoti,"[{""name"": ""Ayoubi, R."", ""link"": ""https://pureportal.coventry.ac.uk/en/persons/rami-ayoubi""}, {""name"": ""Crawford, M."", ""link"": ""https://pureportal.coventry.ac.uk/en/persons/megan-crawford""}]",,21 May 2023
Becoming Nigerian,https://pureportal.coventry.ac.uk/en/publications/becoming-nigerian,"[{""name"": ""Johnson, E."", ""link"": ""https://pureportal.coventry.ac.uk/en/persons/emmanuel-johnson""}, {""name"": ""Ezeonyeka, G."", ""link"": ""https://pureportal.coventry.ac.uk/en/persons/godswill-ezeonyeka""}]",,25 Mar 2023
Between sameness and difference: challenges for TNE,https://pureportal.coventry.ac.uk/en/publications/between-sameness-and-difference-challenges-for-tne,"[{""name"": ""Dang, Q."", ""link"": ""https://pureportal.coventry.ac.uk/en/persons/que-anh-dang""}, {""name"": ""Morini, L."", ""link"": ""https://pureportal.coventry.ac.uk/en/persons/luca-morini""}]",,11 Mar 2023
Coming out of the shadows: Investing in English private tutoring at a transition point in Kazakhstan’s education system during the global pandemic,https://pureportal.coventry.ac.uk/en/publications/coming-out-of-the-shadows-investing-in-english-private-tutoring-a,"[{""name"": ""Karakus, M."", ""link"": ""https://pureportal.coventry.ac.uk/en/persons/mehmet-karakus""}]",,29 May 2023
Foreword,https://pureportal.coventry.ac.uk/en/publications/foreword-2,"[{""name"": ""Orsini-Jones, M."", ""link"": ""https://pureportal.coventry.ac.uk/en/persons/marina-orsini-jones""}]",,1 May 2023
Fostering a culture of qualitative research and scholarly publication in a leading university in the West Bank: a Palestinian-UK capacity-building collaboration,https://pureportal.coventry.ac.uk/en/publications/fostering-a-culture-of-qualitative-research-and-scholarly-publica,"[{""name"": ""Wimpenny, K."", ""link"": ""https://pureportal.coventry.ac.uk/en/persons/katherine-wimpenny""}, {""name"": ""Angelov, D."", ""link"": ""https://pureportal.coventry.ac.uk/en/persons/dimitar-angelov""}]",,4 Jul 2023
Getting the measure of remote e-working: a revision and further validation of the E-work life scale,https://pureportal.coventry.ac.uk/en/publications/getting-the-measure-of-remote-e-working-a-revision-and-further-va,"[{""name"": ""Grant, C. A."", ""link"": ""https://pureportal.coventry.ac.uk/en/persons/christine-grant""}, {""name"": ""Tramontano, C."", ""link"": ""https://pureportal.coventry.ac.uk/en/persons/carlo-tramontano""}]",,2 Jan 2023
Hacking the Museum: Mandela27 - A Democratic DIY Pop-Up Installation,https://pureportal.coventry.ac.uk/en/publications/hacking-the-museum-mandela27-a-democratic-diy-pop-up-installation,"[{""name"": ""Cawston, J."", ""link"": ""https://pureportal.coventry.ac.uk/en/persons/jacqueline-cawston-2""}, {""name"": ""Angelov, D."", ""link"": ""https://pureportal.coventry.ac.uk/en/persons/dimitar-angelov""}]",,16 May 2023
Indonesian 2013 Curriculum Ten Years On: Impact on Mathematics Teaching,https://pureportal.coventry.ac.uk/en/publications/indonesian-2013-curriculum-ten-years-on-impact-on-mathematics-tea,"[{""name"": ""Lawson, D."", ""link"": ""https://pureportal.coventry.ac.uk/en/persons/duncan-lawson""}, {""name"": ""Muhammad, R. R."", ""link"": ""https://pureportal.coventry.ac.uk/en/persons/rosida-rakhmawati-muhammad""}, {""name"": ""Aslam, F."", ""link"": ""https://pureportal.coventry.ac.uk/en/persons/farzana-aslam""}, {""name"": ""Crawford, M."", ""link"": ""https://pureportal.coventry.ac.uk/en/persons/megan-crawford""}]",,15 Jun 2023
"Interactive Media for Cultural Heritage book: ""From Headsets to Mindsets: A Taxonomy for Human-centred Extended Reality Experimentations for Cultural Heritage.""",https://pureportal.coventry.ac.uk/en/publications/interactive-media-for-cultural-heritage-book-from-headsets-to-min,"[{""name"": ""Cawston, J."", ""link"": ""https://pureportal.coventry.ac.uk/en/persons/jacqueline-cawston-2""}]",,30 Oct 2023
Measuring student well-being in adolescence: proposal of a five-factor integrative model based on PISA 2018 survey data,https://pureportal.coventry.ac.uk/en/publications/measuring-student-well-being-in-adolescence-proposal-of-a-five-fa,"[{""name"": ""Karakus, M."", ""link"": ""https://pureportal.coventry.ac.uk/en/persons/mehmet-karakus""}]",,3 Jun 2023
'Nordic added value’: a floating signifier and a mechanism for Nordic higher education regionalism,https://pureportal.coventry.ac.uk/en/publications/nordic-added-value-a-floating-signifier-and-a-mechanism-for-nordi,"[{""name"": ""Dang, Q."", ""link"": ""https://pureportal.coventry.ac.uk/en/persons/que-anh-dang""}]",,3 Apr 2023
Obituary for Zoltán Dörnyei (1960–2022): a bibliometric mapping of his publications,https://pureportal.coventry.ac.uk/en/publications/obituary-for-zolt%C3%A1n-d%C3%B6rnyei-19602022-a-bibliometric-mapping-of-hi,"[{""name"": ""Karakus, M."", ""link"": ""https://pureportal.coventry.ac.uk/en/persons/mehmet-karakus""}]",,5 Jul 2023
Post-pandemic online mathematics and statistics support: Practitioners’ opinions in Germany and Great Britain & Ireland,https://pureportal.coventry.ac.uk/en/publications/post-pandemic-online-mathematics-and-statistics-support-practitio,"[{""name"": ""Gilbert, H. J."", ""link"": ""https://pureportal.coventry.ac.uk/en/persons/holly-jade-gilbert""}, {""name"": ""Lawson, D."", ""link"": ""https://pureportal.coventry.ac.uk/en/persons/duncan-lawson""}, {""name"": ""Hodds, M."", ""link"": ""https://pureportal.coventry.ac.uk/en/persons/mark-hodds""}]",,19 Mar 2023
Resistant Imagery in Struggles for Justice,https://pureportal.coventry.ac.uk/en/publications/resistant-imagery-in-struggles-for-justice,"[{""name"": ""Fero, K."", ""link"": ""https://pureportal.coventry.ac.uk/en/persons/ken-fero""}]",,26 May 2023
"Self-based goals, underlying reasons, performance and discrete emotions among parkrunners",https://pureportal.coventry.ac.uk/en/publications/self-based-goals-underlying-reasons-performance-and-discrete-emot,"[{""name"": ""Adie, J. W."", ""link"": ""https://pureportal.coventry.ac.uk/en/persons/james-adie""}, {""name"": ""Tramontano, C."", ""link"": ""https://pureportal.coventry.ac.uk/en/persons/carlo-tramontano""}]",,3 Jul 2023
The engaged university: Exploring mutuality and reciprocity between and within communities inside and outside universities through ACES.,https://pureportal.coventry.ac.uk/en/publications/the-engaged-university-exploring-mutuality-and-reciprocity-betwee,"[{""name"": ""Wimpenny, K."", ""link"": ""https://pureportal.coventry.ac.uk/en/persons/katherine-wimpenny""}, {""name"": ""Arnab, S."", ""link"": ""https://pureportal.coventry.ac.uk/en/persons/sylvester-arnab""}]",,2023
The impact of Covid-19 on mathematical entry competencies: 1 year on,https://pureportal.coventry.ac.uk/en/publications/the-impact-of-covid-19-on-mathematical-entry-competencies-1-year-,"[{""name"": ""Hodds, M."", ""link"": ""https://pureportal.coventry.ac.uk/en/persons/mark-hodds""}]",,18 Jan 2023
"The role of teacher selection criteria and preparation on teacher self-efficacy, satisfaction, and commitment: An analysis of Kazakhstani TALIS data",https://pureportal.coventry.ac.uk/en/publications/the-role-of-teacher-selection-criteria-and-preparation-on-teacher,"[{""name"": ""Karakus, M."", ""link"": ""https://pureportal.coventry.ac.uk/en/persons/mehmet-karakus""}]",,27 May 2023
Throwing light on fee-charging tutoring during the global pandemic in Kazakhstan: implications for the future of higher education,https://pureportal.coventry.ac.uk/en/publications/throwing-light-on-fee-charging-tutoring-during-the-global-pandemi,"[{""name"": ""Karakus, M."", ""link"": ""https://pureportal.coventry.ac.uk/en/persons/mehmet-karakus""}]",,26 Feb 2023
Transformational school leadership: a systematic review of research in a centralized education system,https://pureportal.coventry.ac.uk/en/publications/transformational-school-leadership-a-systematic-review-of-researc,"[{""name"": ""Karakus, M."", ""link"": ""https://pureportal.coventry.ac.uk/en/persons/mehmet-karakus""}]",,23 Jun 2023
Understanding the Academic Achievement of the First- and Second-Generation Immigrant Students: A Multi-level Analysis of PISA 2018 Data,https://pureportal.coventry.ac.uk/en/publications/understanding-the-academic-achievement-of-the-first-and-second-ge,"[{""name"": ""Karakus, M."", ""link"": ""https://pureportal.coventry.ac.uk/en/persons/mehmet-karakus""}]",,May 2023
What does it Mean to be Educated in Nigerian Student Experience?,https://pureportal.coventry.ac.uk/en/publications/what-does-it-mean-to-be-educated-in-nigerian-student-experience,"[{""name"": ""Johnson, E."", ""link"": ""https://pureportal.coventry.ac.uk/en/persons/emmanuel-johnson""}]",,1 Jun 2023
75 Years of Scouting/Guiding Activities in Pakistan - Celebrating the Shared British Heritage of Active Citizenship,https://pureportal.coventry.ac.uk/en/publications/75-years-of-scoutingguiding-activities-in-pakistan-celebrating-th,"[{""name"": ""Morini, L."", ""link"": ""https://pureportal.coventry.ac.uk/en/persons/luca-morini""}]",,Dec 2022
"A bibliometric mapping of shadow education research: achievements, limitations, and the future",https://pureportal.coventry.ac.uk/en/publications/a-bibliometric-mapping-of-shadow-education-research-achievements-,"[{""name"": ""Karakus, M."", ""link"": ""https://pureportal.coventry.ac.uk/en/persons/mehmet-karakus""}]",,Jun 2022
ACES - A Community-centred Educational Model for Developing Social Resilience,https://pureportal.coventry.ac.uk/en/publications/aces-a-community-centred-educational-model-for-developing-social-,"[{""name"": ""Wimpenny, K."", ""link"": ""https://pureportal.coventry.ac.uk/en/persons/katherine-wimpenny""}, {""name"": ""Arnab, S."", ""link"": ""https://pureportal.coventry.ac.uk/en/persons/sylvester-arnab""}]",,6 Sept 2022
"After Carlo Giuliani, After Joy Gardner, After George Floyd – collective memory and radical film'.",https://pureportal.coventry.ac.uk/en/publications/after-carlo-giuliani-after-joy-gardner-after-george-floyd-collect,"[{""name"": ""Fero, K."", ""link"": ""https://pureportal.coventry.ac.uk/en/persons/ken-fero""}]",,15 Jun 2022
Analysing enterprise resources for developing CRM framework in higher education institutions,https://pureportal.coventry.ac.uk/en/publications/analysing-enterprise-resources-for-developing-crm-framework-in-hi,"[{""name"": ""Khashab, B."", ""link"": ""https://pureportal.coventry.ac.uk/en/persons/basel-khashab""}, {""name"": ""Ayoubi, R."", ""link"": ""https://pureportal.coventry.ac.uk/en/persons/rami-ayoubi""}]",,24 Nov 2022
A ‘Glocal’  Community of Practice to Support International ELT (English Language Teaching) Students in the UK: Project BMELTET,https://pureportal.coventry.ac.uk/en/publications/a-glocal-community-of-practice-to-support-international-elt-engli,"[{""name"": ""Orsini-Jones, M."", ""link"": ""https://pureportal.coventry.ac.uk/en/persons/marina-orsini-jones""}]",,May 2022
Being All Over the Place and Pulling Oneself Together,https://pureportal.coventry.ac.uk/en/publications/being-all-over-the-place-and-pulling-oneself-together,"[{""name"": ""Morini, L."", ""link"": ""https://pureportal.coventry.ac.uk/en/persons/luca-morini""}]",,24 May 2022
Being there in a crisis: increasing access to the paramedic profession for BME communities,https://pureportal.coventry.ac.uk/en/publications/being-there-in-a-crisis-increasing-access-to-the-paramedic-profes,"[{""name"": ""Rodrigues Amorim Adegboye, A."", ""link"": ""https://pureportal.coventry.ac.uk/en/persons/amanda-r-a-adegboye""}, {""name"": ""Stuart, K."", ""link"": ""https://pureportal.coventry.ac.uk/en/persons/kim-stuart""}, {""name"": ""Rehling, T."", ""link"": ""https://pureportal.coventry.ac.uk/en/persons/tracey-rehling""}, {""name"": ""Gilkes, G."", ""link"": ""https://pureportal.coventry.ac.uk/en/persons/gary-gilkes""}, {""name"": ""Carroll, J."", ""link"": ""https://pureportal.coventry.ac.uk/en/persons/julia-carroll""}, {""name"": ""Kneafsey, R."", ""link"": ""https://pureportal.coventry.ac.uk/en/persons/rosie-kneafsey""}]",,4 Oct 2022
Changes in student entry competencies 2001 - 2017,https://pureportal.coventry.ac.uk/en/publications/changes-in-student-entry-competencies-2001-2017,"[{""name"": ""Hodds, M."", ""link"": ""https://pureportal.coventry.ac.uk/en/persons/mark-hodds""}, {""name"": ""Lawson, D."", ""link"": ""https://pureportal.coventry.ac.uk/en/persons/duncan-lawson""}]",,1 Jun 2022
Critical digital literacy as a key for (post)digital citizenship: an international review of teacher competence frameworks,https://pureportal.coventry.ac.uk/en/publications/critical-digital-literacy-as-a-key-for-postdigital-citizenship-an,"[{""name"": ""Morini, L."", ""link"": ""https://pureportal.coventry.ac.uk/en/persons/luca-morini""}]",,30 Dec 2022
Curriculum Internationalization and the ‘Decolonizing Academic’,https://pureportal.coventry.ac.uk/en/publications/curriculum-internationalization-and-the-decolonizing-academic,"[{""name"": ""Wimpenny, K."", ""link"": ""https://pureportal.coventry.ac.uk/en/persons/katherine-wimpenny""}]",,10 Nov 2022
Development of autonomy on placement: perceptions of physiotherapy students and educators in Australia and the United Kingdom,https://pureportal.coventry.ac.uk/en/publications/development-of-autonomy-on-placement-perceptions-of-physiotherapy,"[{""name"": ""Clouder, L."", ""link"": ""https://pureportal.coventry.ac.uk/en/persons/deanne-clouder""}]",,2 Dec 2022
Doctorate Supervision in Virtual Borderland Spaces,https://pureportal.coventry.ac.uk/en/publications/doctorate-supervision-in-virtual-borderland-spaces,"[{""name"": ""Wimpenny, K."", ""link"": ""https://pureportal.coventry.ac.uk/en/persons/katherine-wimpenny""}, {""name"": ""Dang, Q."", ""link"": ""https://pureportal.coventry.ac.uk/en/persons/que-anh-dang""}, {""name"": ""Morini, L."", ""link"": ""https://pureportal.coventry.ac.uk/en/persons/luca-morini""}]",,16 Mar 2022
"Do governmental institutions’ readiness Influence citizens’ acceptance of e-services? Technology task fit, system quality, and facilitating conditions as antecedents",https://pureportal.coventry.ac.uk/en/publications/do-governmental-institutions-readiness-influence-citizens-accepta,"[{""name"": ""Ayoubi, R."", ""link"": ""https://pureportal.coventry.ac.uk/en/persons/rami-ayoubi""}]",,11 May 2022
Editorial: CETL-MSOR Conference Special Issue 1: Responding to the COVID-19 pandemic,https://pureportal.coventry.ac.uk/en/publications/editorial-cetl-msor-conference-special-issue-1-responding-to-the-,"[{""name"": ""Hodds, M."", ""link"": ""https://pureportal.coventry.ac.uk/en/persons/mark-hodds""}]",,25 Mar 2022
"Editorial: CETL-MSOR Conference Special Issue 2: Innovations in teaching, learning, assessment and support",https://pureportal.coventry.ac.uk/en/publications/editorial-cetl-msor-conference-special-issue-2-innovations-in-tea,"[{""name"": ""Hodds, M."", ""link"": ""https://pureportal.coventry.ac.uk/en/persons/mark-hodds""}]",,12 May 2022
Education for Integrated Working – A Qualitative Research Study Exploring and Contextualizing how Practitioners Learn in Practice,https://pureportal.coventry.ac.uk/en/publications/education-for-integrated-working-a-qualitative-research-study-exp,"[{""name"": ""Clouder, L."", ""link"": ""https://pureportal.coventry.ac.uk/en/persons/deanne-clouder""}, {""name"": ""Bluteau, P."", ""link"": ""https://pureportal.coventry.ac.uk/en/persons/patricia-bluteau""}]",,2 Jan 2022
"Evaluation of the ThinkHigher Uni Connect Programme Coventry and Warwickshire, in Year 10 students",https://pureportal.coventry.ac.uk/en/publications/evaluation-of-the-thinkhigher-uni-connect-programme-coventry-and-,"[{""name"": ""Price, C."", ""link"": ""https://pureportal.coventry.ac.uk/en/persons/charlotte-price""}]",,30 Oct 2022
"Evaluation of the ThinkHigher Uni Connect Programme Coventry and Warwickshire, in Year 12 students",https://pureportal.coventry.ac.uk/en/publications/evaluation-of-the-thinkhigher-uni-connect-programme-coventry-and--2,"[{""name"": ""Price, C."", ""link"": ""https://pureportal.coventry.ac.uk/en/persons/charlotte-price""}]",,30 Oct 2022
Exploring Students' Experiences in Occupational Therapy Education: A Phenomenological Study of Professional Identity Development,https://pureportal.coventry.ac.uk/en/publications/exploring-students-experiences-in-occupational-therapy-education-,"[{""name"": ""Wimpenny, K."", ""link"": ""https://pureportal.coventry.ac.uk/en/persons/katherine-wimpenny""}]",,3 Jan 2022
Exploring the factors that impacts the self-directed learning of academic staff in universities,https://pureportal.coventry.ac.uk/en/publications/exploring-the-factors-that-impacts-the-self-directed-learning-of-,"[{""name"": ""Hasri, E."", ""link"": ""https://pureportal.coventry.ac.uk/en/persons/eddie-hasri""}, {""name"": ""Ayoubi, R."", ""link"": ""https://pureportal.coventry.ac.uk/en/persons/rami-ayoubi""}, {""name"": ""Mohiuddin Babu, M."", ""link"": ""https://pureportal.coventry.ac.uk/en/persons/mujahid-mohiuddin-babu""}, {""name"": ""Ferreira, J."", ""link"": ""https://pureportal.coventry.ac.uk/en/persons/jennifer-ferreira""}]",,11 May 2022
Exposed: Nursing Narratives – Racism and the Pandemic,https://pureportal.coventry.ac.uk/en/publications/exposed-nursing-narratives-racism-and-the-pandemic,"[{""name"": ""Fero, K."", ""link"": ""https://pureportal.coventry.ac.uk/en/persons/ken-fero""}]",,6 Mar 2022
Feedback and Engagement on an Introductory Programming Module,https://pureportal.coventry.ac.uk/en/publications/feedback-and-engagement-on-an-introductory-programming-module,"[{""name"": ""Grawemeyer, B."", ""link"": ""https://pureportal.coventry.ac.uk/en/persons/beate-grawemeyer""}, {""name"": ""Halloran, J."", ""link"": ""https://pureportal.coventry.ac.uk/en/persons/john-halloran""}, {""name"": ""England, M."", ""link"": ""https://pureportal.coventry.ac.uk/en/persons/matthew-england""}]",,6 Jan 2022
Figures of a Gender Now Upon Us: The Transfeminine in Contemporary Queer Fiction from the Philippines,https://pureportal.coventry.ac.uk/en/publications/figures-of-a-gender-now-upon-us-the-transfeminine-in-contemporary,"[{""name"": ""Jacobo, J."", ""link"": ""https://pureportal.coventry.ac.uk/en/persons/jaya-jacobo""}]",,1 Jan 2022
Foreword by Prof. Katherine Wimpenny,https://pureportal.coventry.ac.uk/en/publications/foreword-by-prof-katherine-wimpenny,"[{""name"": ""Wimpenny, K."", ""link"": ""https://pureportal.coventry.ac.uk/en/persons/katherine-wimpenny""}]",,2022
Gamified flipped classroom versus traditional classroom learning: Which approach is more efficient in business education?,https://pureportal.coventry.ac.uk/en/publications/gamified-flipped-classroom-versus-traditional-classroom-learning-,"[{""name"": ""Ayoubi, R."", ""link"": ""https://pureportal.coventry.ac.uk/en/persons/rami-ayoubi""}, {""name"": ""Kamal, M. M."", ""link"": ""https://pureportal.coventry.ac.uk/en/persons/muhammad-mustafa-kamal""}]",,1 Mar 2022
"Global Citizenship Education and Sustainability: overcoming contradictions, tensions, rhetoric, and ‘flaws’: Global Citizenship and Borderland Learning",https://pureportal.coventry.ac.uk/en/publications/global-citizenship-education-and-sustainability-overcoming-contra,"[{""name"": ""Wimpenny, K."", ""link"": ""https://pureportal.coventry.ac.uk/en/persons/katherine-wimpenny""}]",,6 Sept 2022
Global Learning and Assessment; How can global citizenship-oriented curricula enhance teaching training?,https://pureportal.coventry.ac.uk/en/publications/global-learning-and-assessment-how-can-global-citizenship-oriente,"[{""name"": ""Dang, Q."", ""link"": ""https://pureportal.coventry.ac.uk/en/persons/que-anh-dang""}, {""name"": ""DeWinter, A."", ""link"": ""https://pureportal.coventry.ac.uk/en/persons/alun-dewinter""}, {""name"": ""Morini, L."", ""link"": ""https://pureportal.coventry.ac.uk/en/persons/luca-morini""}, {""name"": ""Wimpenny, K."", ""link"": ""https://pureportal.coventry.ac.uk/en/persons/katherine-wimpenny""}]",,2022
Higher education decolonisation: #Whose voices and their geographical locations?,https://pureportal.coventry.ac.uk/en/publications/higher-education-decolonisation-whose-voices-and-their-geographic,"[{""name"": ""Morini, L."", ""link"": ""https://pureportal.coventry.ac.uk/en/persons/luca-morini""}]",,27 May 2022
Intra and Inter-Rater Reliability of a Novel Isometric Test of Neck Strength,https://pureportal.coventry.ac.uk/en/publications/intra-and-inter-rater-reliability-of-a-novel-isometric-test-of-ne,"[{""name"": ""Alsop, S."", ""link"": ""https://pureportal.coventry.ac.uk/en/persons/sian-alsop""}, {""name"": ""Oxford, S. W."", ""link"": ""https://pureportal.coventry.ac.uk/en/persons/sam-oxford""}]",,21 Dec 2022
"Knowing, Being, Relating and Expressing through Third Space Global South-North COIL: Digital Inclusion and Equity in International Higher Education",https://pureportal.coventry.ac.uk/en/publications/knowing-being-relating-and-expressing-through-third-space-global-,"[{""name"": ""Wimpenny, K."", ""link"": ""https://pureportal.coventry.ac.uk/en/persons/katherine-wimpenny""}, {""name"": ""Orsini-Jones, M."", ""link"": ""https://pureportal.coventry.ac.uk/en/persons/marina-orsini-jones""}]",,May 2022
Local Authorities as actors in the emerging ‘school-led’ system in England,https://pureportal.coventry.ac.uk/en/publications/local-authorities-as-actors-in-the-emerging-school-led-system-in-,"[{""name"": ""Crawford, M."", ""link"": ""https://pureportal.coventry.ac.uk/en/persons/megan-crawford""}]",,7 Jun 2022
Neurodiversidad en la Educación Superior: la experiencia de los estudiantes,https://pureportal.coventry.ac.uk/en/publications/neurodiversidad-en-la-educaci%C3%B3n-superior-la-experiencia-de-los-es,"[{""name"": ""Clouder, L."", ""link"": ""https://pureportal.coventry.ac.uk/en/persons/deanne-clouder""}, {""name"": ""Karakus, M."", ""link"": ""https://pureportal.coventry.ac.uk/en/persons/mehmet-karakus""}]",,22 Mar 2022
Nurturing a Climate of Innovation in a Didactic Educational System: A Case Study Exploring Leadership in Private Schools in Turkey,https://pureportal.coventry.ac.uk/en/publications/nurturing-a-climate-of-innovation-in-a-didactic-educational-syste,"[{""name"": ""Karakus, M."", ""link"": ""https://pureportal.coventry.ac.uk/en/persons/mehmet-karakus""}, {""name"": ""Clouder, D. L."", ""link"": ""https://pureportal.coventry.ac.uk/en/persons/deanne-clouder""}]",,6 Oct 2022
Older Individuals Convicted of Sexual Offenses: A Literature Review,https://pureportal.coventry.ac.uk/en/publications/older-individuals-convicted-of-sexual-offenses-a-literature-revie,"[{""name"": ""Tramontano, C."", ""link"": ""https://pureportal.coventry.ac.uk/en/persons/carlo-tramontano""}, {""name"": ""Wright, H."", ""link"": ""https://pureportal.coventry.ac.uk/en/persons/hayley-wright""}]",,Apr 2022
Out of the comfort zone: The Trouble With A Mooc-Virtual Exchange (Ve) Blend At The Time Of The Covid 19 Pandemic,https://pureportal.coventry.ac.uk/en/publications/out-of-the-comfort-zone-the-trouble-with-a-mooc-virtual-exchange-,"[{""name"": ""Orsini-Jones, M."", ""link"": ""https://pureportal.coventry.ac.uk/en/persons/marina-orsini-jones""}]",,4 Jun 2022
Pedagogy of queer studies beyond empire,https://pureportal.coventry.ac.uk/en/publications/pedagogy-of-queer-studies-beyond-empire,"[{""name"": ""Jacobo, J."", ""link"": ""https://pureportal.coventry.ac.uk/en/persons/jaya-jacobo""}]",,22 Nov 2022
Playful Participatory Mapping – Co-creating Games to Foster Systems Thinking,https://pureportal.coventry.ac.uk/en/publications/playful-participatory-mapping-co-creating-games-to-foster-systems,"[{""name"": ""Morini, L."", ""link"": ""https://pureportal.coventry.ac.uk/en/persons/luca-morini""}, {""name"": ""Chen, Y-F."", ""link"": ""https://pureportal.coventry.ac.uk/en/persons/yung-fang-chen""}, {""name"": ""Dawson, M."", ""link"": ""https://pureportal.coventry.ac.uk/en/persons/mark-dawson""}]",,2022
Prendersi (il) gioco: la prospettiva della co-progettazione contro l’egemonia dei sistemi chiusi nei giochi educativi,https://pureportal.coventry.ac.uk/en/publications/prendersi-il-gioco-la-prospettiva-della-co-progettazione-contro-l,"[{""name"": ""Morini, L."", ""link"": ""https://pureportal.coventry.ac.uk/en/persons/luca-morini""}]",,10 Oct 2022
"Principal, let’s talk about emotions: some lessons COVID-19 taught us about emergency situations and leadership",https://pureportal.coventry.ac.uk/en/publications/principal-lets-talk-about-emotions-some-lessons-covid-19-taught-u,"[{""name"": ""Crawford, M."", ""link"": ""https://pureportal.coventry.ac.uk/en/persons/megan-crawford""}]",,2 Jan 2022
Questioning the Published: On the Unpublishability and (Therefore) the Importance of Invisible (Academic) Activism,https://pureportal.coventry.ac.uk/en/publications/questioning-the-published-on-the-unpublishability-and-therefore-t,"[{""name"": ""Morini, L."", ""link"": ""https://pureportal.coventry.ac.uk/en/persons/luca-morini""}]",,1 Jan 2022
Reimagining Qualitative Social Research Fieldwork to Move Online: Perceptions of Racism Among Physical Education Students,https://pureportal.coventry.ac.uk/en/publications/reimagining-qualitative-social-research-fieldwork-to-move-online-,"[{""name"": ""Raven, S."", ""link"": ""https://pureportal.coventry.ac.uk/en/persons/steve-raven""}]",,17 Mar 2022
"Self-efficacy in the Classroom: The Roles of Motivation, Positivity and Resilience",https://pureportal.coventry.ac.uk/en/publications/self-efficacy-in-the-classroom-the-roles-of-motivation-positivity,"[{""name"": ""Tramontano, C."", ""link"": ""https://pureportal.coventry.ac.uk/en/persons/carlo-tramontano""}]",,8 Mar 2022
Students’ perceptions and experiences of translanguaging pedagogy in teaching English for academic purposes in China,https://pureportal.coventry.ac.uk/en/publications/students-perceptions-and-experiences-of-translanguaging-pedagogy-,"[{""name"": ""Wimpenny, K."", ""link"": ""https://pureportal.coventry.ac.uk/en/persons/katherine-wimpenny""}]",,13 Oct 2022
Taking COIL Virtual Exchange to Scale: 2004-2020,https://pureportal.coventry.ac.uk/en/publications/taking-coil-virtual-exchange-to-scale-2004-2020,"[{""name"": ""Wimpenny, K."", ""link"": ""https://pureportal.coventry.ac.uk/en/persons/katherine-wimpenny""}]",,6 Sept 2022
"The development of mathematics support: teaching and learning practices, scholarship and communities",https://pureportal.coventry.ac.uk/en/publications/the-development-of-mathematics-support-teaching-and-learning-prac,"[{""name"": ""Lawson, D."", ""link"": ""https://pureportal.coventry.ac.uk/en/persons/duncan-lawson""}]",,30 Jan 2022
The Impact of COVID-19 on Year 13 A level Mathematics Students: findings of a small-scale survey,https://pureportal.coventry.ac.uk/en/publications/the-impact-of-covid-19-on-year-13-a-level-mathematics-students-fi,"[{""name"": ""Price, C."", ""link"": ""https://pureportal.coventry.ac.uk/en/persons/charlotte-price""}, {""name"": ""Owen, A."", ""link"": ""https://pureportal.coventry.ac.uk/en/persons/alun-owen""}, {""name"": ""Lawson, D."", ""link"": ""https://pureportal.coventry.ac.uk/en/persons/duncan-lawson""}]",,8 Apr 2022
The Implicit Component of Moral Disengagement: Applying the Relational Responding Task to Investigate Its Relationship With Cheating Behavior,https://pureportal.coventry.ac.uk/en/publications/the-implicit-component-of-moral-disengagement-applying-the-relati,"[{""name"": ""Tramontano, C."", ""link"": ""https://pureportal.coventry.ac.uk/en/persons/carlo-tramontano""}]",,1 Jan 2022
The importance of mathematics and statistics support in English universities: An analysis of institutionally-written regulatory documents,https://pureportal.coventry.ac.uk/en/publications/the-importance-of-mathematics-and-statistics-support-in-english-u,"[{""name"": ""Lawson, D."", ""link"": ""https://pureportal.coventry.ac.uk/en/persons/duncan-lawson""}]",,2022
The influence of ict use and related attitudes on students’ math and science performance: multilevel analyses of the last decade’s pisa surveys,https://pureportal.coventry.ac.uk/en/publications/the-influence-of-ict-use-and-related-attitudes-on-students-math-a,"[{""name"": ""Karakus, M."", ""link"": ""https://pureportal.coventry.ac.uk/en/persons/mehmet-karakus""}]",,2 Aug 2022
The Scientific Approach of The Indonesian 2013 Curriculum: A Comparison with Other Active Learning Strategies in Mathematics,https://pureportal.coventry.ac.uk/en/publications/the-scientific-approach-of-the-indonesian-2013-curriculum-a-compa,"[{""name"": ""Muhammad, R. R."", ""link"": ""https://pureportal.coventry.ac.uk/en/persons/rosida-rakhmawati-muhammad""}, {""name"": ""Lawson, D."", ""link"": ""https://pureportal.coventry.ac.uk/en/persons/duncan-lawson""}, {""name"": ""Aslam, F."", ""link"": ""https://pureportal.coventry.ac.uk/en/persons/farzana-aslam""}, {""name"": ""Crawford, M."", ""link"": ""https://pureportal.coventry.ac.uk/en/persons/megan-crawford""}]",,15 May 2022
The student experiences of teaching and learning in transnational higher education: A phenomenographic study from a British-Qatari partnership,https://pureportal.coventry.ac.uk/en/publications/the-student-experiences-of-teaching-and-learning-in-transnational,"[{""name"": ""Ayoubi, R."", ""link"": ""https://pureportal.coventry.ac.uk/en/persons/rami-ayoubi""}, {""name"": ""Crawford, M."", ""link"": ""https://pureportal.coventry.ac.uk/en/persons/megan-crawford""}]",,2022
The University Colonised/Coloniser,https://pureportal.coventry.ac.uk/en/publications/the-university-colonisedcoloniser,"[{""name"": ""Morini, L."", ""link"": ""https://pureportal.coventry.ac.uk/en/persons/luca-morini""}]",,10 Jun 2022
Using open education practices across the Mediterranean for intercultural curriculum development in higher education,https://pureportal.coventry.ac.uk/en/publications/using-open-education-practices-across-the-mediterranean-for-inter-2,"[{""name"": ""Wimpenny, K."", ""link"": ""https://pureportal.coventry.ac.uk/en/persons/katherine-wimpenny""}]",,2022
Walking with teachers: A study to explore the importance of teacher wellbeing and their careers,https://pureportal.coventry.ac.uk/en/publications/walking-with-teachers-a-study-to-explore-the-importance-of-teache,"[{""name"": ""Crawford, M."", ""link"": ""https://pureportal.coventry.ac.uk/en/persons/megan-crawford""}]",,7 Feb 2022
“It needs to be the right blend”: a qualitative exploration of remote e-workers’ experience and well-being at work.”,https://pureportal.coventry.ac.uk/en/publications/it-needs-to-be-the-right-blend-a-qualitative-exploration-of-remot,"[{""name"": ""Grant, C."", ""link"": ""https://pureportal.coventry.ac.uk/en/persons/christine-grant""}, {""name"": ""Tramontano, C."", ""link"": ""https://pureportal.coventry.ac.uk/en/persons/carlo-tramontano""}]",,14 Feb 2022
"Adapting a capacity-development-in-higher-education project: Doing, being and becoming virtual collaboration",https://pureportal.coventry.ac.uk/en/publications/adapting-a-capacity-development-in-higher-education-project-doing,"[{""name"": ""Wimpenny, K."", ""link"": ""https://pureportal.coventry.ac.uk/en/persons/katherine-wimpenny""}, {""name"": ""DeWinter, A."", ""link"": ""https://pureportal.coventry.ac.uk/en/persons/alun-dewinter""}]",,12 Mar 2021
A history of the development of the mathematics and statistics support community in the United Kingdom.  Part 1: From alpha to sigma,https://pureportal.coventry.ac.uk/en/publications/a-history-of-the-development-of-the-mathematics-and-statistics-su,"[{""name"": ""Lawson, D."", ""link"": ""https://pureportal.coventry.ac.uk/en/persons/duncan-lawson""}]",,19 Jan 2021
"""Being"" a Head of Department in an English University",https://pureportal.coventry.ac.uk/en/publications/being-a-head-of-department-in-an-english-university,"[{""name"": ""Crawford, M."", ""link"": ""https://pureportal.coventry.ac.uk/en/persons/megan-crawford""}]",,9 Dec 2021
Borderlanders: Academic Staff being and becoming Doctoral Students,https://pureportal.coventry.ac.uk/en/publications/borderlanders-academic-staff-being-and-becoming-doctoral-students,"[{""name"": ""Clouder, L."", ""link"": ""https://pureportal.coventry.ac.uk/en/persons/deanne-clouder""}]",,2021
"Can COIL be effective in using diversity to contribute to equality? Experiences of iKudu, a European-South African consortium operating via a decolonised approach to project delivery",https://pureportal.coventry.ac.uk/en/publications/can-coil-be-effective-in-using-diversity-to-contribute-to-equalit,"[{""name"": ""DeWinter, A."", ""link"": ""https://pureportal.coventry.ac.uk/en/persons/alun-dewinter""}]",,16 Aug 2021
Conceptualising leadership and emotions in higher education: wellbeing as wholeness,https://pureportal.coventry.ac.uk/en/publications/conceptualising-leadership-and-emotions-in-higher-education-wellb,"[{""name"": ""Crawford, M."", ""link"": ""https://pureportal.coventry.ac.uk/en/persons/megan-crawford""}]",,2021
Critiquing Inclusive Pedagogies: Online conversations on Inclusive online pedagogies,https://pureportal.coventry.ac.uk/en/publications/critiquing-inclusive-pedagogies-online-conversations-on-inclusive,"[{""name"": ""Wimpenny, K."", ""link"": ""https://pureportal.coventry.ac.uk/en/persons/katherine-wimpenny""}]",,16 Sept 2021
Decolonising Education – Fostering Conversations - Interim Project Report,https://pureportal.coventry.ac.uk/en/publications/decolonising-education-fostering-conversations-interim-project-re,"[{""name"": ""Morini, L."", ""link"": ""https://pureportal.coventry.ac.uk/en/persons/luca-morini""}]",,9 Sept 2021
Development and validation of the e-Work Self-Efficacy Scale to assess digital competencies in remote working,https://pureportal.coventry.ac.uk/en/publications/development-and-validation-of-the-e-work-self-efficacy-scale-to-a,"[{""name"": ""Tramontano, C."", ""link"": ""https://pureportal.coventry.ac.uk/en/persons/carlo-tramontano""}, {""name"": ""Grant, C."", ""link"": ""https://pureportal.coventry.ac.uk/en/persons/christine-grant""}]",,31 Jul 2021
"Digital critical literacy development and intercultural awareness raising ‘in’ action, ‘on’ action and ‘for’ action in ELT",https://pureportal.coventry.ac.uk/en/publications/digital-critical-literacy-development-and-intercultural-awareness,"[{""name"": ""Orsini-Jones, M."", ""link"": ""https://pureportal.coventry.ac.uk/en/persons/marina-orsini-jones""}]",,1 Oct 2021
Dual-status academics: What makes for meaningful identity-work?,https://pureportal.coventry.ac.uk/en/publications/dual-status-academics-what-makes-for-meaningful-identity-work,"[{""name"": ""Clouder, L."", ""link"": ""https://pureportal.coventry.ac.uk/en/persons/deanne-clouder""}]",,21 Jun 2021
Ecologized Collaborative Online International Learning: Tackling Wicked Sustainability Problems through Education for Sustainable Development,https://pureportal.coventry.ac.uk/en/publications/ecologized-collaborative-online-international-learning-tackling-w,"[{""name"": ""Brown, G."", ""link"": ""https://pureportal.coventry.ac.uk/en/persons/geraldine-brown""}, {""name"": ""Morini, L."", ""link"": ""https://pureportal.coventry.ac.uk/en/persons/luca-morini""}, {""name"": ""Wimpenny, K."", ""link"": ""https://pureportal.coventry.ac.uk/en/persons/katherine-wimpenny""}]",,17 Jul 2021
Education as Bulwark of Uselessness.,https://pureportal.coventry.ac.uk/en/publications/education-as-bulwark-of-uselessness,"[{""name"": ""Morini, L."", ""link"": ""https://pureportal.coventry.ac.uk/en/persons/luca-morini""}]",,28 Feb 2021
"Emotions in Learning, Teaching, and Leadership: A Bibliometric Review of Asian Literature (1990–2018)",https://pureportal.coventry.ac.uk/en/publications/emotions-in-learning-teaching-and-leadership-a-bibliometric-revie,"[{""name"": ""Karakus, M."", ""link"": ""https://pureportal.coventry.ac.uk/en/persons/mehmet-karakus""}]",,25 Jan 2021
Exploring differential engagement with mathematics support from an engineering student focus,https://pureportal.coventry.ac.uk/en/publications/exploring-differential-engagement-with-mathematics-support-from-a,"[{""name"": ""Gokhool, F."", ""link"": ""https://pureportal.coventry.ac.uk/en/persons/farhana-gokhool""}, {""name"": ""Lawson, D."", ""link"": ""https://pureportal.coventry.ac.uk/en/persons/duncan-lawson""}, {""name"": ""Hodds, M."", ""link"": ""https://pureportal.coventry.ac.uk/en/persons/mark-hodds""}, {""name"": ""Aslam, F."", ""link"": ""https://pureportal.coventry.ac.uk/en/persons/farzana-aslam""}]",,23 Dec 2021
Finding our place in the world with the Sustainable Development Goals,https://pureportal.coventry.ac.uk/en/publications/finding-our-place-in-the-world-with-the-sustainable-development-g,"[{""name"": ""Bello, J."", ""link"": ""https://pureportal.coventry.ac.uk/en/persons/jaliyyah-bello""}]",,18 Feb 2021
Institute of Coding - Educational Evaluation Report,https://pureportal.coventry.ac.uk/en/publications/institute-of-coding-educational-evaluation-report,"[{""name"": ""Morini, L."", ""link"": ""https://pureportal.coventry.ac.uk/en/persons/luca-morini""}, {""name"": ""Raven, S."", ""link"": ""https://pureportal.coventry.ac.uk/en/persons/steve-raven""}]",,26 Mar 2021
"Integrating Sustainability-Oriented Ecologies of Practice Across the Learning Cycle: Supporting Transformative Behaviours in Transgenerational, Transnational and Transdisciplinary Spaces",https://pureportal.coventry.ac.uk/en/publications/integrating-sustainability-oriented-ecologies-of-practice-across-,"[{""name"": ""Chen, Y-F."", ""link"": ""https://pureportal.coventry.ac.uk/en/persons/yung-fang-chen""}, {""name"": ""Dang, Q."", ""link"": ""https://pureportal.coventry.ac.uk/en/persons/que-anh-dang""}, {""name"": ""DeWinter, A."", ""link"": ""https://pureportal.coventry.ac.uk/en/persons/alun-dewinter""}]",,30 Dec 2021
Internationalisation in the classroom and questions of alignment: embedding COIL in an internationalised curriculum,https://pureportal.coventry.ac.uk/en/publications/internationalisation-in-the-classroom-and-questions-of-alignment-,"[{""name"": ""Wimpenny, K."", ""link"": ""https://pureportal.coventry.ac.uk/en/persons/katherine-wimpenny""}]",,22 Feb 2021
"JOVITAL - Jordan Opportunity for Virtual Innovative Teaching and Learning Final Report on project activity and impact evaluation 2017-2021: International Online Teaching and Learning, with particular attention to the Jordanian Case",https://pureportal.coventry.ac.uk/en/publications/jovital-jordan-opportunity-for-virtual-innovative-teaching-and-le,"[{""name"": ""DeWinter, A."", ""link"": ""https://pureportal.coventry.ac.uk/en/persons/alun-dewinter""}, {""name"": ""Wimpenny, K."", ""link"": ""https://pureportal.coventry.ac.uk/en/persons/katherine-wimpenny""}]",,Apr 2021
Lessons for mathematics higher education from 25 years of mathematics support,https://pureportal.coventry.ac.uk/en/publications/lessons-for-mathematics-higher-education-from-25-years-of-mathema,"[{""name"": ""Lawson, D."", ""link"": ""https://pureportal.coventry.ac.uk/en/persons/duncan-lawson""}]",,15 Apr 2021
Measuring Early-Primary Students Resilience through Playful Learning,https://pureportal.coventry.ac.uk/en/publications/measuring-early-primary-students-resilience-through-playful-learn,"[{""name"": ""Arnab, S."", ""link"": ""https://pureportal.coventry.ac.uk/en/persons/sylvester-arnab""}, {""name"": ""Wimpenny, K."", ""link"": ""https://pureportal.coventry.ac.uk/en/persons/katherine-wimpenny""}]",,27 Sept 2021
Measuring Prosocial Behaviors: Psychometric Properties and Cross-National Validation of the Prosociality Scale in Five Countries,https://pureportal.coventry.ac.uk/en/publications/measuring-prosocial-behaviors-psychometric-properties-and-cross-n,"[{""name"": ""Tramontano, C."", ""link"": ""https://pureportal.coventry.ac.uk/en/persons/carlo-tramontano""}]",,22 Jul 2021
Motivation factors in student decisions to study Transnational Higher Education in China: a comparative study of two Anglo-Sino programmes,https://pureportal.coventry.ac.uk/en/publications/enhancing-transnational-education-tne-programmes-understanding-st,"[{""name"": ""DeWinter, A."", ""link"": ""https://pureportal.coventry.ac.uk/en/persons/alun-dewinter""}, {""name"": ""Harrison, P."", ""link"": ""https://pureportal.coventry.ac.uk/en/persons/peter-harrison""}, {""name"": ""Wimpenny, K."", ""link"": ""https://pureportal.coventry.ac.uk/en/persons/katherine-wimpenny""}]",,29 Mar 2021
Obstinate Memory: Documentary as trauma in disrupting state narratives on racial violence,https://pureportal.coventry.ac.uk/en/publications/obstinate-memory-documentary-as-trauma-in-disrupting-state-narrat,"[{""name"": ""Fero, K."", ""link"": ""https://pureportal.coventry.ac.uk/en/persons/ken-fero""}]",,5 Oct 2021
Online Pedagogies Beyond the Classroom,https://pureportal.coventry.ac.uk/en/publications/online-pedagogies-beyond-the-classroom,"[{""name"": ""Wimpenny, K."", ""link"": ""https://pureportal.coventry.ac.uk/en/persons/katherine-wimpenny""}]",,11 Nov 2021
Outcomes of school administrators’ emotion management: A review of evidence in Asian countries,https://pureportal.coventry.ac.uk/en/publications/outcomes-of-school-administrators-emotion-management-a-review-of-,"[{""name"": ""Karakus, M."", ""link"": ""https://pureportal.coventry.ac.uk/en/persons/mehmet-karakus""}]",,28 Apr 2021
Practising cultural sensitivity in virtual spaces: Virtual International Cultural Diversity Festival,https://pureportal.coventry.ac.uk/en/publications/practising-cultural-sensitivity-in-virtual-spaces-virtual-interna,"[{""name"": ""Wimpenny, K."", ""link"": ""https://pureportal.coventry.ac.uk/en/persons/katherine-wimpenny""}]",,17 Sept 2021
"Self-efficacy, affective well-being, and intent-to-leave by science and mathematics teachers: A structural equation model",https://pureportal.coventry.ac.uk/en/publications/self-efficacy-affective-well-being-and-intent-to-leave-by-science,"[{""name"": ""Karakus, M."", ""link"": ""https://pureportal.coventry.ac.uk/en/persons/mehmet-karakus""}]",,1 Apr 2021
"Spirituality and Well-Being of Children, Adolescent, and Adult Students: A Scientific Mapping of the Literature",https://pureportal.coventry.ac.uk/en/publications/spirituality-and-well-being-of-children-adolescent-and-adult-stud,"[{""name"": ""Karakus, M."", ""link"": ""https://pureportal.coventry.ac.uk/en/persons/mehmet-karakus""}]",,Dec 2021
Stories and scenarios: lecturers’ use of fantastic hypothetical events,https://pureportal.coventry.ac.uk/en/publications/stories-and-scenarios-lecturers-use-of-fantastic-hypothetical-eve,"[{""name"": ""Nesi, H."", ""link"": ""https://pureportal.coventry.ac.uk/en/persons/hilary-nesi""}, {""name"": ""Alsop, S."", ""link"": ""https://pureportal.coventry.ac.uk/en/persons/sian-alsop""}]",,Sept 2021
Students’ perceptions and experiences of teaching and learning in transnational higher education in China: implications of the intercultural dialogue framework,https://pureportal.coventry.ac.uk/en/publications/students-perceptions-and-experiences-of-teaching-and-learning-in-,"[{""name"": ""Wimpenny, K."", ""link"": ""https://pureportal.coventry.ac.uk/en/persons/katherine-wimpenny""}, {""name"": ""DeWinter, A."", ""link"": ""https://pureportal.coventry.ac.uk/en/persons/alun-dewinter""}, {""name"": ""Harrison, P."", ""link"": ""https://pureportal.coventry.ac.uk/en/persons/peter-harrison""}]",,17 Mar 2021
The early impact of the Covid-19 pandemic on mathematical competencies on entry into a UK university,https://pureportal.coventry.ac.uk/en/publications/the-early-impact-of-the-covid-19-pandemic-on-mathematical-compete,"[{""name"": ""Hodds, M."", ""link"": ""https://pureportal.coventry.ac.uk/en/persons/mark-hodds""}]",,1 Dec 2021
The Factors Predicting the Achievement of the Immigrant Students: A Multilevel Analysis of PISA 2018,https://pureportal.coventry.ac.uk/en/publications/the-factors-predicting-the-achievement-of-the-immigrant-students-,"[{""name"": ""Karakus, M."", ""link"": ""https://pureportal.coventry.ac.uk/en/persons/mehmet-karakus""}]",,12 Apr 2021
The Promise of Higher Education,https://pureportal.coventry.ac.uk/en/publications/the-promise-of-higher-education,"[{""name"": ""Morini, L."", ""link"": ""https://pureportal.coventry.ac.uk/en/persons/luca-morini""}]",,Dec 2021
"The roles of morphology, phonology and prosody in reading and spelling multisyllabic words",https://pureportal.coventry.ac.uk/en/publications/the-roles-of-morphology-phonology-and-prosody-in-reading-and-spel,"[{""name"": ""Enderby, J."", ""link"": ""https://pureportal.coventry.ac.uk/en/persons/jodie-enderby""}, {""name"": ""Carroll, J."", ""link"": ""https://pureportal.coventry.ac.uk/en/persons/julia-carroll""}]",,Jul 2021
"Towards the mapping of learning, playful, and frugal aspects for developing 21st century competencies and resilience",https://pureportal.coventry.ac.uk/en/publications/towards-the-mapping-of-learning-playful-and-frugal-aspects-for-de,"[{""name"": ""Arnab, S."", ""link"": ""https://pureportal.coventry.ac.uk/en/persons/sylvester-arnab""}, {""name"": ""Masters, A."", ""link"": ""https://pureportal.coventry.ac.uk/en/persons/alex-masters""}, {""name"": ""Morini, L."", ""link"": ""https://pureportal.coventry.ac.uk/en/persons/luca-morini""}]",,24 Sept 2021
Unlocking creative leadership in the primary school,https://pureportal.coventry.ac.uk/en/publications/unlocking-creative-leadership-in-the-primary-school,"[{""name"": ""Crawford, M."", ""link"": ""https://pureportal.coventry.ac.uk/en/persons/megan-crawford""}]",,11 Oct 2021
Uses of corpus linguistics in education research: An adjustable lens,https://pureportal.coventry.ac.uk/en/publications/uses-of-corpus-linguistics-in-education-research-an-adjustable-le,"[{""name"": ""Alsop, S."", ""link"": ""https://pureportal.coventry.ac.uk/en/persons/sian-alsop""}]",,2021
Using narrative conventions to analyse travel stories,https://pureportal.coventry.ac.uk/en/publications/using-narrative-conventions-to-analyse-travel-stories,"[{""name"": ""Angelov, D."", ""link"": ""https://pureportal.coventry.ac.uk/en/persons/dimitar-angelov""}]",,1 May 2021
Where Her Breast Wasn't There: Transfemininity and the Philippine Modern,https://pureportal.coventry.ac.uk/en/publications/where-her-breast-wasnt-there-transfemininity-and-the-philippine-m,"[{""name"": ""Jacobo, J."", ""link"": ""https://pureportal.coventry.ac.uk/en/persons/jaya-jacobo""}]",,21 Jul 2021
Who am I today? Academic staff being and becoming doctoral students,https://pureportal.coventry.ac.uk/en/publications/who-am-i-today-academic-staff-being-and-becoming-doctoral-student,"[{""name"": ""Clouder, L."", ""link"": ""https://pureportal.coventry.ac.uk/en/persons/deanne-clouder""}]",,27 May 2021
“Everyone seems to be agreeing at the minute that face-to-face is the way forward”: Practitioners’ perspectives on post-pandemic Mathematics and Statistics Support,https://pureportal.coventry.ac.uk/en/publications/everyone-seems-to-be-agreeing-at-the-minute-that-face-to-face-is-,"[{""name"": ""Gilbert, H."", ""link"": ""https://pureportal.coventry.ac.uk/en/persons/holly-jade-gilbert""}, {""name"": ""Hodds, M."", ""link"": ""https://pureportal.coventry.ac.uk/en/persons/mark-hodds""}, {""name"": ""Lawson, D."", ""link"": ""https://pureportal.coventry.ac.uk/en/persons/duncan-lawson""}]",,1 Dec 2021
Academic development to support the internationalization of the curriculum (IoC): A qualitative research synthesis,https://pureportal.coventry.ac.uk/en/publications/academic-development-to-support-the-internationalization-of-the-c,"[{""name"": ""Wimpenny, K."", ""link"": ""https://pureportal.coventry.ac.uk/en/persons/katherine-wimpenny""}]",,2 Jul 2020
A corpus-driven investigation of connections between the language of written feedback information and ethnic attainment disparity in UK higher education,https://pureportal.coventry.ac.uk/en/publications/a-corpus-driven-investigation-of-connections-between-the-language,"[{""name"": ""Alsop, S."", ""link"": ""https://pureportal.coventry.ac.uk/en/persons/sian-alsop""}, {""name"": ""Gardner, S."", ""link"": ""https://pureportal.coventry.ac.uk/en/persons/sheena-gardner""}]",,6 Feb 2020
A qualitative research synthesis exploring professional touch in healthcare practice using the threshold concept framework,https://pureportal.coventry.ac.uk/en/publications/a-qualitative-research-synthesis-exploring-professional-touch-in-,"[{""name"": ""Clouder, D."", ""link"": ""https://pureportal.coventry.ac.uk/en/persons/deanne-clouder""}]",,1 Aug 2020
Breaking boundaries and building bridges across knowledge-sharing communities: OpenMed,https://pureportal.coventry.ac.uk/en/publications/breaking-boundaries-and-building-bridges-across-knowledge-sharing,"[{""name"": ""Wimpenny, K."", ""link"": ""https://pureportal.coventry.ac.uk/en/persons/katherine-wimpenny""}]",,20 Feb 2020
Cultural diversity in the adoption of open education in the Mediterranean basin: collectivist values and power distance in the universities of the Middle East,https://pureportal.coventry.ac.uk/en/publications/cultural-diversity-in-the-adoption-of-open-education-in-the-medit,"[{""name"": ""Wimpenny, K."", ""link"": ""https://pureportal.coventry.ac.uk/en/persons/katherine-wimpenny""}]",,2020
"Curbing university autonomy and academic freedom in the name of quality assurance, accountability and internationalisation in East Asia",https://pureportal.coventry.ac.uk/en/publications/curbing-university-autonomy-and-academic-freedom-in-the-name-of-q,"[{""name"": ""Dang, Q. A."", ""link"": ""https://pureportal.coventry.ac.uk/en/persons/que-anh-dang""}]",,Aug 2020
Decolonising academic selves through auto-ethnography,https://pureportal.coventry.ac.uk/en/publications/decolonising-academic-selves-through-auto-ethnography,"[{""name"": ""Wimpenny, K."", ""link"": ""https://pureportal.coventry.ac.uk/en/persons/katherine-wimpenny""}]",,3 Dec 2020
Enhancing school safety through university engagement in DRR education,https://pureportal.coventry.ac.uk/en/publications/enhancing-school-safety-through-university-engagement-in-drr-educ,"[{""name"": ""Chen, Y. F."", ""link"": ""https://pureportal.coventry.ac.uk/en/persons/yung-fang-chen""}]",,1 Apr 2020
Friend or Foe: the complexities of being an academic and a doctoral student in the same institution,https://pureportal.coventry.ac.uk/en/publications/friend-or-foe-the-complexities-of-being-an-academic-and-a-doctora,"[{""name"": ""Clouder, L."", ""link"": ""https://pureportal.coventry.ac.uk/en/persons/deanne-clouder""}]",,1 Sept 2020
From COIL to curriculum transformation in South Africa: How can curriculum decolonization operate in the third space in Global South-North collaborations?,https://pureportal.coventry.ac.uk/en/publications/from-coil-to-curriculum-transformation-in-south-africa-how-can-cu,"[{""name"": ""Wimpenny, K."", ""link"": ""https://pureportal.coventry.ac.uk/en/persons/katherine-wimpenny""}]",,3 Dec 2020
Innovation in Collaborative Online International Learning: A Holistic Blend,https://pureportal.coventry.ac.uk/en/publications/innovation-in-collaborative-online-international-learning-a-holis,"[{""name"": ""Wimpenny, K."", ""link"": ""https://pureportal.coventry.ac.uk/en/persons/katherine-wimpenny""}, {""name"": ""Orsini-Jones, M."", ""link"": ""https://pureportal.coventry.ac.uk/en/persons/marina-orsini-jones""}]",,20 Sept 2020
Juggling competing activities: academic staff as doctoral candidates,https://pureportal.coventry.ac.uk/en/publications/juggling-competing-activities-academic-staff-as-doctoral-candidat,"[{""name"": ""Clouder, D."", ""link"": ""https://pureportal.coventry.ac.uk/en/persons/deanne-clouder""}]",,15 Apr 2020
"Mapping Community, Social, and Economic risks to investigate the association with school violence and bullying in Italy",https://pureportal.coventry.ac.uk/en/publications/mapping-community-social-and-economic-risks-to-investigate-the-as,"[{""name"": ""Tramontano, C."", ""link"": ""https://pureportal.coventry.ac.uk/en/persons/carlo-tramontano""}]",,Nov 2020
Neurodiversity in higher education: a narrative synthesis,https://pureportal.coventry.ac.uk/en/publications/neurodiversity-in-higher-education-a-narrative-synthesis,"[{""name"": ""Clouder, D."", ""link"": ""https://pureportal.coventry.ac.uk/en/persons/deanne-clouder""}, {""name"": ""Karakus, M."", ""link"": ""https://pureportal.coventry.ac.uk/en/persons/mehmet-karakus""}]",,1 Oct 2020
"Protocol for a systematic review of measures of attainment in literacy, mathematics and science.",https://pureportal.coventry.ac.uk/en/publications/protocol-for-a-systematic-review-of-measures-of-attainment-in-lit,"[{""name"": ""Carroll, J."", ""link"": ""https://pureportal.coventry.ac.uk/en/persons/julia-carroll""}]",,14 May 2020
Students’ engagement and learning experiences using virtual patient simulation in a computer supported collaborative learning environment,https://pureportal.coventry.ac.uk/en/publications/students-engagement-and-learning-experiences-using-virtual-patien,"[{""name"": ""Bluteau, P."", ""link"": ""https://pureportal.coventry.ac.uk/en/persons/patricia-bluteau""}]",,2 Jan 2020
The Anti-Ecological University,https://pureportal.coventry.ac.uk/en/publications/the-anti-ecological-university,"[{""name"": ""Morini, L."", ""link"": ""https://pureportal.coventry.ac.uk/en/persons/luca-morini""}]",,Jul 2020
The evolution of mathematics support: a literature review,https://pureportal.coventry.ac.uk/en/publications/the-evolution-of-mathematics-support-a-literature-review,"[{""name"": ""Lawson, D."", ""link"": ""https://pureportal.coventry.ac.uk/en/persons/duncan-lawson""}]",,16 Nov 2020
The extent and uptake of mathematics support in higher education: results from the 2018 survey,https://pureportal.coventry.ac.uk/en/publications/the-extent-and-uptake-of-mathematics-support-in-higher-education-,"[{""name"": ""Lawson, D."", ""link"": ""https://pureportal.coventry.ac.uk/en/persons/duncan-lawson""}]",,30 May 2020
The Role of Traditional and Online Moral Disengagement on Cyberbullying: Do Externalising Problems Make Any Difference?,https://pureportal.coventry.ac.uk/en/publications/the-role-of-traditional-and-online-moral-disengagement-on-cyberbu,"[{""name"": ""Tramontano, C."", ""link"": ""https://pureportal.coventry.ac.uk/en/persons/carlo-tramontano""}]",,1 Feb 2020
Towards a Final Absolution: A South by South Approach to Trans Resistance from Brazil and the Philippines,https://pureportal.coventry.ac.uk/en/publications/towards-a-final-absolution-a-south-by-south-approach-to-trans-res,"[{""name"": ""Jacobo, J."", ""link"": ""https://pureportal.coventry.ac.uk/en/persons/jaya-jacobo""}]",,1 Dec 2020
"You Can Deny Seriousness, But You Can’t Deny Play’: Emergent Resistance to Purposive Games.",https://pureportal.coventry.ac.uk/en/publications/you-can-deny-seriousness-but-you-cant-deny-play-emergent-resistan,"[{""name"": ""Morini, L."", ""link"": ""https://pureportal.coventry.ac.uk/en/persons/luca-morini""}]",,19 Nov 2020
A participatory co-creation model to drive community engagement in rural indigenous schools: A case study in Sarawak,https://pureportal.coventry.ac.uk/en/publications/a-participatory-co-creation-model-to-drive-community-engagement-i,"[{""name"": ""Arnab, S."", ""link"": ""https://pureportal.coventry.ac.uk/en/persons/sylvester-arnab""}, {""name"": ""Morini, L."", ""link"": ""https://pureportal.coventry.ac.uk/en/persons/luca-morini""}, {""name"": ""Clarke, S."", ""link"": ""https://pureportal.coventry.ac.uk/en/persons/samantha-clarke""}]",,1 Sept 2019
Assessment of co-creativity in the process of game design,https://pureportal.coventry.ac.uk/en/publications/assessment-of-co-creativity-in-the-process-of-game-design,"[{""name"": ""Arnab, S."", ""link"": ""https://pureportal.coventry.ac.uk/en/persons/sylvester-arnab""}, {""name"": ""Morini, L."", ""link"": ""https://pureportal.coventry.ac.uk/en/persons/luca-morini""}]",,1 Sept 2019
A Synthesis of the South African Educational Landscape and a Critical Analysis of Student Attainment.,https://pureportal.coventry.ac.uk/en/publications/a-synthesis-of-the-south-african-educational-landscape-and-a-crit,"[{""name"": ""Solomons, Z."", ""link"": ""https://pureportal.coventry.ac.uk/en/persons/zaira-solomons""}]",,25 Mar 2019
Augmented Reality Research in Education: A Bibliometric Study,https://pureportal.coventry.ac.uk/en/publications/augmented-reality-research-in-education-a-bibliometric-study,"[{""name"": ""Karakus, M."", ""link"": ""https://pureportal.coventry.ac.uk/en/persons/mehmet-karakus""}]",,9 May 2019
Can the Benefits of Creative Methods Support the Inclusion of Children as part of Intergenerational Research Projects?,https://pureportal.coventry.ac.uk/en/publications/can-the-benefits-of-creative-methods-support-the-inclusion-of-chi,"[{""name"": ""Holliday, N."", ""link"": ""https://pureportal.coventry.ac.uk/en/persons/nikki-holliday""}, {""name"": ""Carroll, J."", ""link"": ""https://pureportal.coventry.ac.uk/en/persons/julia-carroll""}]",,2 May 2019
Capacity Building for Virtual Innovative Teaching and Learning in Jordan – Experiences of the JOVITAL project,https://pureportal.coventry.ac.uk/en/publications/capacity-building-for-virtual-innovative-teaching-and-learning-in,"[{""name"": ""Wimpenny, K."", ""link"": ""https://pureportal.coventry.ac.uk/en/persons/katherine-wimpenny""}, {""name"": ""DeWinter, A."", ""link"": ""https://pureportal.coventry.ac.uk/en/persons/alun-dewinter""}]",,18 Jun 2019
Carnival of invention,https://pureportal.coventry.ac.uk/en/publications/carnival-of-invention,"[{""name"": ""Wimpenny, K."", ""link"": ""https://pureportal.coventry.ac.uk/en/persons/katherine-wimpenny""}]",,1 May 2019
"Connecting Leadership, Professional Development and Affect",https://pureportal.coventry.ac.uk/en/publications/connecting-leadership-professional-development-and-affect,"[{""name"": ""Crawford, M."", ""link"": ""https://pureportal.coventry.ac.uk/en/persons/megan-crawford""}]",,18 Feb 2019
Developmental Language Disorder: Cognition in Childhood,https://pureportal.coventry.ac.uk/en/publications/developmental-language-disorder-cognition-in-childhood,"[{""name"": ""Carroll, J."", ""link"": ""https://pureportal.coventry.ac.uk/en/persons/julia-carroll""}]",,20 Dec 2019
Filling the Puzzle: Using E-Work Wellbeing scale (EWW) to determine links between remote e-working and cognitive weariness and psychosomatic conditions,https://pureportal.coventry.ac.uk/en/publications/filling-the-puzzle-using-e-work-wellbeing-scale-eww-to-determine-,"[{""name"": ""Grant, C."", ""link"": ""https://pureportal.coventry.ac.uk/en/persons/christine-grant""}, {""name"": ""Tramontano, C."", ""link"": ""https://pureportal.coventry.ac.uk/en/persons/carlo-tramontano""}]",,1 Jun 2019
Game-based learning to teach higher order thinking in rural schools: Case studies in Sarawak Borneo,https://pureportal.coventry.ac.uk/en/publications/game-based-learning-to-teach-higher-order-thinking-in-rural-schoo,"[{""name"": ""Morini, L."", ""link"": ""https://pureportal.coventry.ac.uk/en/persons/luca-morini""}, {""name"": ""Arnab, S."", ""link"": ""https://pureportal.coventry.ac.uk/en/persons/sylvester-arnab""}]",,1 Jun 2019
Global knowledge-exchange for widening participation in learning through Open Education Practices,https://pureportal.coventry.ac.uk/en/publications/global-knowledge-exchange-for-widening-participation-in-learning-,"[{""name"": ""Wimpenny, K."", ""link"": ""https://pureportal.coventry.ac.uk/en/persons/katherine-wimpenny""}]",,13 May 2019
Headteacher performance management in England: Balancing internal and external accountability through performance leadership,https://pureportal.coventry.ac.uk/en/publications/headteacher-performance-management-in-england-balancing-internal-,"[{""name"": ""Crawford, M."", ""link"": ""https://pureportal.coventry.ac.uk/en/persons/megan-crawford""}]",,1 Mar 2019
"Is students' qualitative feedback changing, now it is online?",https://pureportal.coventry.ac.uk/en/publications/is-students-qualitative-feedback-changing-now-it-is-online,"[{""name"": ""Gakhal, S."", ""link"": ""https://pureportal.coventry.ac.uk/en/persons/sandeep-gakhal""}]",,3 Apr 2019
Promoting Active Learning in Universities: Thematic Peer Group Report,https://pureportal.coventry.ac.uk/en/publications/promoting-active-learning-in-universities-thematic-peer-group-rep,"[{""name"": ""Cappy, G."", ""link"": ""https://pureportal.coventry.ac.uk/en/persons/grace-cappy""}]",,25 Mar 2019
Representation of Faith Using Social Media,https://pureportal.coventry.ac.uk/en/publications/representation-of-faith-using-social-media,"[{""name"": ""Johnson, E."", ""link"": ""https://pureportal.coventry.ac.uk/en/persons/emmanuel-johnson""}]",,23 May 2019
Research as a Game of Empire,https://pureportal.coventry.ac.uk/en/publications/research-as-a-game-of-empire,"[{""name"": ""Morini, L."", ""link"": ""https://pureportal.coventry.ac.uk/en/persons/luca-morini""}]",,31 Oct 2019
Socially committed practice: issues of authenticity in arts related research,https://pureportal.coventry.ac.uk/en/publications/socially-committed-practice-issues-of-authenticity-in-arts-relate,"[{""name"": ""Wimpenny, K."", ""link"": ""https://pureportal.coventry.ac.uk/en/persons/katherine-wimpenny""}]",,24 Oct 2019
STEM outreach activities: an approach to teachers' professional development,https://pureportal.coventry.ac.uk/en/publications/stem-outreach-activities-an-approach-to-teachers-professional-dev-3,"[{""name"": ""Aslam, F."", ""link"": ""https://pureportal.coventry.ac.uk/en/persons/farzana-aslam""}, {""name"": ""Bagiya, Y."", ""link"": ""https://pureportal.coventry.ac.uk/en/persons/yamuna-dass""}]",,29 May 2019
"The attrition factor: Student engagement and teacher commitment in online, intercultural Higher Education settings",https://pureportal.coventry.ac.uk/en/publications/the-attrition-factor-student-engagement-and-teacher-commitment-in,"[{""name"": ""Wimpenny, K."", ""link"": ""https://pureportal.coventry.ac.uk/en/persons/katherine-wimpenny""}]",,10 Sept 2019
"The Bakla, The Agi: Our Genders Which Are Not One",https://pureportal.coventry.ac.uk/en/publications/the-bakla-the-agi-our-genders-which-are-not-one,"[{""name"": ""Jacobo, J."", ""link"": ""https://pureportal.coventry.ac.uk/en/persons/jaya-jacobo""}]",,Jul 2019
The JOVITAL Project: Capacity Building for Virtual Innovative Teaching and Learning in Jordan,https://pureportal.coventry.ac.uk/en/publications/the-jovital-project-capacity-building-for-virtual-innovative-teac,"[{""name"": ""Wimpenny, K."", ""link"": ""https://pureportal.coventry.ac.uk/en/persons/katherine-wimpenny""}, {""name"": ""Dewinter, A."", ""link"": ""https://pureportal.coventry.ac.uk/en/persons/alun-dewinter""}]",,5 Dec 2019
The problem is here and now – assessing current student attainment gaps to inform change to institutional student experience provision,https://pureportal.coventry.ac.uk/en/publications/the-problem-is-here-and-now-assessing-current-student-attainment-,"[{""name"": ""Gakhal, S."", ""link"": ""https://pureportal.coventry.ac.uk/en/persons/sandeep-gakhal""}]",,13 Sept 2019
The role of assistive technology in renegotiating the inclusion of students with disabilities in Higher Education in North Africa,https://pureportal.coventry.ac.uk/en/publications/the-role-of-assistive-technology-in-renegotiating-the-inclusion-o,"[{""name"": ""Clouder, D."", ""link"": ""https://pureportal.coventry.ac.uk/en/persons/deanne-clouder""}, {""name"": ""Cawston, J."", ""link"": ""https://pureportal.coventry.ac.uk/en/persons/jacqueline-cawston-2""}, {""name"": ""Wimpenny, K."", ""link"": ""https://pureportal.coventry.ac.uk/en/persons/katherine-wimpenny""}]",,Aug 2019
To Grow a Tree,https://pureportal.coventry.ac.uk/en/publications/to-grow-a-tree,"[{""name"": ""Johnson, E."", ""link"": ""https://pureportal.coventry.ac.uk/en/persons/emmanuel-johnson""}]",,1 Aug 2019
Understanding attainment disparity: A corpus-driven analysis of the language used in written feedback information to students of different backgrounds.,https://pureportal.coventry.ac.uk/en/publications/understanding-attainment-disparity-a-corpus-driven-analysis-of-th,"[{""name"": ""Alsop, S."", ""link"": ""https://pureportal.coventry.ac.uk/en/persons/sian-alsop""}, {""name"": ""Gardner, S."", ""link"": ""https://pureportal.coventry.ac.uk/en/persons/sheena-gardner""}]",,26 Jan 2019
Understanding Attainment Disparity: The Case for a Corpus-Driven Analysis of the Language used in Written Feedback Information to Students of Different Backgrounds,https://pureportal.coventry.ac.uk/en/publications/understanding-attainment-disparity-the-case-for-a-corpus-driven-a,"[{""name"": ""Alsop, S."", ""link"": ""https://pureportal.coventry.ac.uk/en/persons/sian-alsop""}, {""name"": ""Gardner, S."", ""link"": ""https://pureportal.coventry.ac.uk/en/persons/sheena-gardner""}]",,2019
Universities: increasingly stressful environments taking psychological toll – here’s what needs to change,https://pureportal.coventry.ac.uk/en/publications/universities-increasingly-stressful-environments-taking-psycholog,"[{""name"": ""Morini, L."", ""link"": ""https://pureportal.coventry.ac.uk/en/persons/luca-morini""}]",,26 Mar 2019
What can corpus analysis tell us about attainment disparity? A pilot analysis of written feedback information to students from two faculties.,https://pureportal.coventry.ac.uk/en/publications/what-can-corpus-analysis-tell-us-about-attainment-disparity-a-pil,"[{""name"": ""Alsop, S."", ""link"": ""https://pureportal.coventry.ac.uk/en/persons/sian-alsop""}, {""name"": ""Gardner, S."", ""link"": ""https://pureportal.coventry.ac.uk/en/persons/sheena-gardner""}]",,23 Jul 2019
“We now know how to learn” - Introducing student-centred teaching and learning in Jordan,https://pureportal.coventry.ac.uk/en/publications/we-now-know-how-to-learn-introducing-student-centred-teaching-and,"[{""name"": ""Holmes, S."", ""link"": ""https://pureportal.coventry.ac.uk/en/persons/sylwia-holmes""}]",,2019
Achieving Excellence By Helping More Students To Get On – Trialling New Tools To Demonstrate What Works,https://pureportal.coventry.ac.uk/en/publications/achieving-excellence-by-helping-more-students-to-get-on-trialling,"[{""name"": ""Gakhal, S."", ""link"": ""https://pureportal.coventry.ac.uk/en/persons/sandeep-gakhal""}]",,7 Dec 2018
Ady's interlude: On Lad Culture,https://pureportal.coventry.ac.uk/en/publications/adys-interlude-on-lad-culture,"[{""name"": ""Johnson, E."", ""link"": ""https://pureportal.coventry.ac.uk/en/persons/emmanuel-johnson""}, {""name"": ""Evans, A."", ""link"": ""https://pureportal.coventry.ac.uk/en/persons/ady-evans""}]",,2018
"An evaluation of Unlocking Nature, Greening the prison environment: Unlocking Nature",https://pureportal.coventry.ac.uk/en/publications/an-evaluation-of-unlocking-nature-greening-the-prison-environment,"[{""name"": ""Brown, G."", ""link"": ""https://pureportal.coventry.ac.uk/en/persons/geraldine-brown""}, {""name"": ""Fried, J."", ""link"": ""https://pureportal.coventry.ac.uk/en/persons/jana-fried""}]",,Dec 2018
A new approach to digital competence building for university educators in Europe,https://pureportal.coventry.ac.uk/en/publications/a-new-approach-to-digital-competence-building-for-university-educ,"[{""name"": ""Wimpenny, K."", ""link"": ""https://pureportal.coventry.ac.uk/en/persons/katherine-wimpenny""}]",,28 Feb 2018
A New Approach to Digital Competence Building for University Educators in Europe,https://pureportal.coventry.ac.uk/en/publications/a-new-approach-to-digital-competence-building-for-university-educ-2,"[{""name"": ""Wimpenny, K."", ""link"": ""https://pureportal.coventry.ac.uk/en/persons/katherine-wimpenny""}]",,2018
"An investigation into how to assess the quality of education through curriculum intent, implementation and impact",https://pureportal.coventry.ac.uk/en/publications/an-investigation-into-how-to-assess-the-quality-of-education-thro,"[{""name"": ""Holmes, S."", ""link"": ""https://pureportal.coventry.ac.uk/en/persons/sylwia-holmes""}]",,2018
Case study: Game design thinking as a strategy for community engagement in a rural indigenous village,https://pureportal.coventry.ac.uk/en/publications/case-study-game-design-thinking-as-a-strategy-for-community-engag,"[{""name"": ""Arnab, S."", ""link"": ""https://pureportal.coventry.ac.uk/en/persons/sylvester-arnab""}, {""name"": ""Morini, L."", ""link"": ""https://pureportal.coventry.ac.uk/en/persons/luca-morini""}, {""name"": ""Clarke, S."", ""link"": ""https://pureportal.coventry.ac.uk/en/persons/samantha-clarke""}]",,1 Jan 2018
Co-creativity assessment in the process of game creation,https://pureportal.coventry.ac.uk/en/publications/co-creativity-assessment-in-the-process-of-game-creation,"[{""name"": ""Arnab, S."", ""link"": ""https://pureportal.coventry.ac.uk/en/persons/sylvester-arnab""}, {""name"": ""Morini, L."", ""link"": ""https://pureportal.coventry.ac.uk/en/persons/luca-morini""}]",,1 Jan 2018
"Collaborative Poetics Network: A Pilot Study Exploring the Potential of Collaborative, Arts-based Research",https://pureportal.coventry.ac.uk/en/publications/collaborative-poetics-network-a-pilot-study-exploring-the-potenti,"[{""name"": ""Wimpenny, K."", ""link"": ""https://pureportal.coventry.ac.uk/en/persons/katherine-wimpenny""}]",,9 Feb 2018
"Engaging primary schools in rural Malaysia with Game-Based Learning: Culture, Pedagogy, Technology",https://pureportal.coventry.ac.uk/en/publications/engaging-primary-schools-in-rural-malaysia-with-game-based-learni,"[{""name"": ""Morini, L."", ""link"": ""https://pureportal.coventry.ac.uk/en/persons/luca-morini""}, {""name"": ""Arnab, S."", ""link"": ""https://pureportal.coventry.ac.uk/en/persons/sylvester-arnab""}]",,2018
Exploring multicultural e-learning through a blended course across the Mediterranean,https://pureportal.coventry.ac.uk/en/publications/exploring-multicultural-e-learning-through-a-blended-course-acros,"[{""name"": ""Wimpenny, K."", ""link"": ""https://pureportal.coventry.ac.uk/en/persons/katherine-wimpenny""}]",,23 Feb 2018
Facilitators' Perspectives as Mediators of the Local Learning Circles of the OpenMed Open Course,https://pureportal.coventry.ac.uk/en/publications/facilitators-perspectives-as-mediators-of-the-local-learning-circ,"[{""name"": ""Wimpenny, K."", ""link"": ""https://pureportal.coventry.ac.uk/en/persons/katherine-wimpenny""}]",,10 Jan 2018
Hong Kong New Wave Reflection,https://pureportal.coventry.ac.uk/en/publications/hong-kong-new-wave-reflection,"[{""name"": ""Johnson, E."", ""link"": ""https://pureportal.coventry.ac.uk/en/persons/emmanuel-johnson""}, {""name"": ""Alkali, M."", ""link"": ""https://pureportal.coventry.ac.uk/en/persons/mabel-alkali""}]",,2018
Identity (Hong Kong New Wave Short Film),https://pureportal.coventry.ac.uk/en/publications/identity-hong-kong-new-wave-short-film,"[{""name"": ""Johnson, E."", ""link"": ""https://pureportal.coventry.ac.uk/en/persons/emmanuel-johnson""}]",,2018
Identity (Hong Kong New Wave Short Film): Director's Commentary,https://pureportal.coventry.ac.uk/en/publications/identity-hong-kong-new-wave-short-film-directors-commentary,"[{""name"": ""Johnson, E."", ""link"": ""https://pureportal.coventry.ac.uk/en/persons/emmanuel-johnson""}]",,2018
"Jordan Opportunity for Virtual Innovative Teaching and Learning: A Needs Analysis Report Contextualising the State of the Art in International Online Teaching and Learning, with Particular Attention to the Jordanian Case",https://pureportal.coventry.ac.uk/en/publications/jordan-opportunity-for-virtual-innovative-teaching-and-learning-a,"[{""name"": ""Wimpenny, K."", ""link"": ""https://pureportal.coventry.ac.uk/en/persons/katherine-wimpenny""}, {""name"": ""DeWinter, A."", ""link"": ""https://pureportal.coventry.ac.uk/en/persons/alun-dewinter""}]",,13 Dec 2018
Lessons learnt from the collaborative creation and piloting of a course in Open Education for the South Mediterranean region,https://pureportal.coventry.ac.uk/en/publications/lessons-learnt-from-the-collaborative-creation-and-piloting-of-a-,"[{""name"": ""Wimpenny, K."", ""link"": ""https://pureportal.coventry.ac.uk/en/persons/katherine-wimpenny""}]",,22 Feb 2018
Methodological issues in researching maladministration,https://pureportal.coventry.ac.uk/en/publications/methodological-issues-in-researching-maladministration,"[{""name"": ""Crawford, M."", ""link"": ""https://pureportal.coventry.ac.uk/en/persons/megan-crawford""}]",,1 Apr 2018
Monitoring and evaluation of the TEPD – 2018 annual report,https://pureportal.coventry.ac.uk/en/publications/monitoring-and-evaluation-of-the-tepd-2018-annual-report,"[{""name"": ""Holmes, S."", ""link"": ""https://pureportal.coventry.ac.uk/en/persons/sylwia-holmes""}]",,2018
"Obesity, healthy eating and physical activity in primary schools",https://pureportal.coventry.ac.uk/en/publications/obesity-healthy-eating-and-physical-activity-in-primary-schools,"[{""name"": ""Holmes, S."", ""link"": ""https://pureportal.coventry.ac.uk/en/persons/sylwia-holmes""}]",,2018
OpenMed – Educación abierta en el sur del Mediterráneo: OpenMed - Open Education in the South-Mediterranean,https://pureportal.coventry.ac.uk/en/publications/openmed-educaci%C3%B3n-abierta-en-el-sur-del-mediterr%C3%A1neo-openmed-open,"[{""name"": ""Wimpenny, K."", ""link"": ""https://pureportal.coventry.ac.uk/en/persons/katherine-wimpenny""}, {""name"": ""Merry, S. K."", ""link"": ""https://pureportal.coventry.ac.uk/en/persons/sarah-kate-merry""}]",,30 Sept 2018
STEM outreach activities: an approach to teachers’ professional development: STEM outreach activities,https://pureportal.coventry.ac.uk/en/publications/stem-outreach-activities-an-approach-to-teachers-professional-dev,"[{""name"": ""Aslam, F."", ""link"": ""https://pureportal.coventry.ac.uk/en/persons/farzana-aslam""}, {""name"": ""Bagiya, Y."", ""link"": ""https://pureportal.coventry.ac.uk/en/persons/yamuna-dass""}]",,10 Jan 2018
Summary matters: How lecturers review and preview information in engineering lectures,https://pureportal.coventry.ac.uk/en/publications/summary-matters-how-lecturers-review-and-preview-information-in-e,"[{""name"": ""Alsop, S."", ""link"": ""https://pureportal.coventry.ac.uk/en/persons/sian-alsop""}]",,5 Jul 2018
"Terminologies of ""Modern"" and ""Contemporary"" Art in Southeast Asia's Vernacular Languages: Indonesian, Javanese, Khmer, Lao, Malay, Myanmar/Burmese, Tagalog/Filipino, Thai and Vietnamese",https://pureportal.coventry.ac.uk/en/publications/terminologies-of-modern-and-contemporary-art-in-southeast-asias-v,"[{""name"": ""Jacobo, J."", ""link"": ""https://pureportal.coventry.ac.uk/en/persons/jaya-jacobo""}]",,1 Oct 2018
The Benefits and Challenges of Embedding Intercultural Competencies into the Postgraduate Research Provision,https://pureportal.coventry.ac.uk/en/publications/the-benefits-and-challenges-of-embedding-intercultural-competenci,"[{""name"": ""DeWinter, A."", ""link"": ""https://pureportal.coventry.ac.uk/en/persons/alun-dewinter""}]",,2018
What is Teaching Excellence?,https://pureportal.coventry.ac.uk/en/publications/what-is-teaching-excellence,"[{""name"": ""Gakhal, S."", ""link"": ""https://pureportal.coventry.ac.uk/en/persons/sandeep-gakhal""}]",,20 Feb 2018
An investigation to understand and evaluate the best ways to educate for and promote integrated working across the health and care sectors.,https://pureportal.coventry.ac.uk/en/publications/an-investigation-to-understand-and-evaluate-the-best-ways-to-educ,"[{""name"": ""Clouder, D."", ""link"": ""https://pureportal.coventry.ac.uk/en/persons/deanne-clouder""}, {""name"": ""Bluteau, P."", ""link"": ""https://pureportal.coventry.ac.uk/en/persons/patricia-bluteau""}]",,14 Jun 2017
"Empowerment of physiotherapy students on placement: The interplay between autonomy, risk, and responsibility: The interplay between autonomy, risk, and responsibility",https://pureportal.coventry.ac.uk/en/publications/empowerment-of-physiotherapy-students-on-placement-the-interplay-,"[{""name"": ""Clouder, D."", ""link"": ""https://pureportal.coventry.ac.uk/en/persons/deanne-clouder""}]",,21 Sept 2017
Evaluating student satisfaction at a top-performing UK university,https://pureportal.coventry.ac.uk/en/publications/evaluating-student-satisfaction-at-a-top-performing-uk-university,"[{""name"": ""Gakhal, S."", ""link"": ""https://pureportal.coventry.ac.uk/en/persons/sandeep-gakhal""}]",,15 Nov 2017
Exploring the relationship between remote e-working and work-related well-being.,https://pureportal.coventry.ac.uk/en/publications/exploring-the-relationship-between-remote-e-working-and-work-rela,"[{""name"": ""Grant, C."", ""link"": ""https://pureportal.coventry.ac.uk/en/persons/christine-grant""}, {""name"": ""Tramontano, C."", ""link"": ""https://pureportal.coventry.ac.uk/en/persons/carlo-tramontano""}]",,Jan 2017
How to evaluate quality of teacher training? - Literature review and impact indicators framework for the pre-service teacher training programme in Jordan,https://pureportal.coventry.ac.uk/en/publications/how-to-evaluate-quality-of-teacher-training-literature-review-and,"[{""name"": ""Holmes, S."", ""link"": ""https://pureportal.coventry.ac.uk/en/persons/sylwia-holmes""}]",,2017
Monitoring and evaluation of the pre-service teacher education programme – report,https://pureportal.coventry.ac.uk/en/publications/monitoring-and-evaluation-of-the-pre-service-teacher-education-pr,"[{""name"": ""Holmes, S."", ""link"": ""https://pureportal.coventry.ac.uk/en/persons/sylwia-holmes""}]",,2017
Preparation for an uncertain world: international curriculum development for mental health occupational therapy,https://pureportal.coventry.ac.uk/en/publications/preparation-for-an-uncertain-world-international-curriculum-devel-6,"[{""name"": ""Wimpenny, K."", ""link"": ""https://pureportal.coventry.ac.uk/en/persons/katherine-wimpenny""}, {""name"": ""Roe, S."", ""link"": ""https://pureportal.coventry.ac.uk/en/persons/sarah-roe""}]",,6 Sept 2017
The impact of participation in music on learning mathematics,https://pureportal.coventry.ac.uk/en/publications/the-impact-of-participation-in-music-on-learning-mathematics,"[{""name"": ""Holmes, S."", ""link"": ""https://pureportal.coventry.ac.uk/en/persons/sylwia-holmes""}]",,2017
The impact of participation in music on learning mathematics.,https://pureportal.coventry.ac.uk/en/publications/the-impact-of-participation-in-music-on-learning-mathematics-2,"[{""name"": ""Holmes, S."", ""link"": ""https://pureportal.coventry.ac.uk/en/persons/sylwia-holmes""}]",,30 Nov 2017
"What Students Should Know, But Don't Know, They Don't Know, About Proving Their Trustworthiness To Clinical Educators",https://pureportal.coventry.ac.uk/en/publications/what-students-should-know-but-dont-know-they-dont-know-about-prov,"[{""name"": ""Clouder, D."", ""link"": ""https://pureportal.coventry.ac.uk/en/persons/deanne-clouder""}]",,2 Jun 2017
A Less Lonely Place of Researching,https://pureportal.coventry.ac.uk/en/publications/a-less-lonely-place-of-researching,"[{""name"": ""Morini, L."", ""link"": ""https://pureportal.coventry.ac.uk/en/persons/luca-morini""}]",,2016
Alienation and Affect in Milan,https://pureportal.coventry.ac.uk/en/publications/alienation-and-affect-in-milan,"[{""name"": ""Johnson, E."", ""link"": ""https://pureportal.coventry.ac.uk/en/persons/emmanuel-johnson""}]",,2016
Linking attainment to interculturalism and global citizenship,https://pureportal.coventry.ac.uk/en/publications/linking-attainment-to-interculturalism-and-global-citizenship,"[{""name"": ""Evans, A."", ""link"": ""https://pureportal.coventry.ac.uk/en/persons/alun-dewinter""}]",,2016
Play as Bulwark of Uselessness,https://pureportal.coventry.ac.uk/en/publications/play-as-bulwark-of-uselessness,"[{""name"": ""Morini, L."", ""link"": ""https://pureportal.coventry.ac.uk/en/persons/luca-morini""}]",,4 May 2016
Protocol for Developing Spiritual Competencies in Dietetic Practice,https://pureportal.coventry.ac.uk/en/publications/protocol-for-developing-spiritual-competencies-in-dietetic-practi,"[{""name"": ""Lycett, D."", ""link"": ""https://pureportal.coventry.ac.uk/en/persons/deborah-lycett""}, {""name"": ""Clouder, D."", ""link"": ""https://pureportal.coventry.ac.uk/en/persons/deanne-clouder""}]",,2016
The many times I saved the world (or died trying),https://pureportal.coventry.ac.uk/en/publications/the-many-times-i-saved-the-world-or-died-trying,"[{""name"": ""Morini, L."", ""link"": ""https://pureportal.coventry.ac.uk/en/persons/luca-morini""}]",,2016
“I’ve always not been a racist”: do we need to reconsider teaching and learning about the Holocaust?,https://pureportal.coventry.ac.uk/en/publications/ive-always-not-been-a-racist-do-we-need-to-reconsider-teaching-an,"[{""name"": ""Holmes, S."", ""link"": ""https://pureportal.coventry.ac.uk/en/persons/sylwia-holmes""}]",,Sept 2016
Developing as an Educational Leader and Manager,https://pureportal.coventry.ac.uk/en/publications/developing-as-an-educational-leader-and-manager,"[{""name"": ""Crawford, M."", ""link"": ""https://pureportal.coventry.ac.uk/en/persons/megan-crawford""}]",,2014
Evaluation of the SkillForce 'Back on Track' programme,https://pureportal.coventry.ac.uk/en/publications/evaluation-of-the-skillforce-back-on-track-programme,"[{""name"": ""Holmes, S."", ""link"": ""https://pureportal.coventry.ac.uk/en/persons/sylwia-holmes""}]",,2014
Evaluation of the SkillForce 'Ethos' programme,https://pureportal.coventry.ac.uk/en/publications/evaluation-of-the-skillforce-ethos-programme,"[{""name"": ""Holmes, S."", ""link"": ""https://pureportal.coventry.ac.uk/en/persons/sylwia-holmes""}]",,2014
Review of interprofessional education in the UK 1997–2003: Implanting Interprofessional Education in Qualifying Courses:  Eight Reflective Accounts – Coventry University & Warwick Medical School,https://pureportal.coventry.ac.uk/en/publications/review-of-interprofessional-education-in-the-uk-19972003-implanti,"[{""name"": ""Bluteau, P."", ""link"": ""https://pureportal.coventry.ac.uk/en/persons/patricia-bluteau""}, {""name"": ""Clouder, D."", ""link"": ""https://pureportal.coventry.ac.uk/en/persons/deanne-clouder""}]",,2014
The restructuring of schooling in England: The responses of well-positioned headteachers,https://pureportal.coventry.ac.uk/en/publications/the-restructuring-of-schooling-in-england-the-responses-of-well-p,"[{""name"": ""Crawford, M."", ""link"": ""https://pureportal.coventry.ac.uk/en/persons/megan-crawford""}]",,13 May 2014
Enhancing Guidance for Disabled People Wanting to Become Health and Social Care Professionals Report,https://pureportal.coventry.ac.uk/en/publications/enhancing-guidance-for-disabled-people-wanting-to-become-health-a-3,"[{""name"": ""Clouder, D."", ""link"": ""https://pureportal.coventry.ac.uk/en/persons/deanne-clouder""}]",,13 Dec 2013
Enhancing school leadership: Evaluating the use of virtual learning communities,https://pureportal.coventry.ac.uk/en/publications/enhancing-school-leadership-evaluating-the-use-of-virtual-learnin,"[{""name"": ""Crawford, M."", ""link"": ""https://pureportal.coventry.ac.uk/en/persons/megan-crawford""}]",,1 Jan 2013
"Il Dito ed il Link: Pensiero ed Esperienza Quotidiana dei ""Nativi Digitali""",https://pureportal.coventry.ac.uk/en/publications/il-dito-ed-il-link-pensiero-ed-esperienza-quotidiana-dei-nativi-d,"[{""name"": ""Morini, L."", ""link"": ""https://pureportal.coventry.ac.uk/en/persons/luca-morini""}]",,2013
Measuring intellectual capital in primary schools and examining in terms of some variables,https://pureportal.coventry.ac.uk/en/publications/measuring-intellectual-capital-in-primary-schools-and-examining-i,"[{""name"": ""Karaku\u015f, M."", ""link"": ""https://pureportal.coventry.ac.uk/en/persons/mehmet-karakus""}]",,1 Jan 2013
Turkish adaptation of the scale of “student perceptions of teachers’ knowledge (SPOTK)” and examining in the aspect of some variables,https://pureportal.coventry.ac.uk/en/publications/turkish-adaptation-of-the-scale-of-student-perceptions-of-teacher,"[{""name"": ""Karakus, M."", ""link"": ""https://pureportal.coventry.ac.uk/en/persons/mehmet-karakus""}]",,15 Apr 2013
"Building confidence, competence and collaboration using technology enhanced learning resources",https://pureportal.coventry.ac.uk/en/publications/building-confidence-competence-and-collaboration-using-technology,"[{""name"": ""Clouder, L."", ""link"": ""https://pureportal.coventry.ac.uk/en/persons/deanne-clouder""}]",,20 Aug 2012
"""Mappe per..."" - Transizioni verso un'ecologia sociale",https://pureportal.coventry.ac.uk/en/publications/mappe-per-transizioni-verso-unecologia-sociale-2,"[{""name"": ""Morini, L."", ""link"": ""https://pureportal.coventry.ac.uk/en/persons/luca-morini""}]",,15 Sept 2012
"""Mappe per..."" - Transizioni verso un'ecologia sociale",https://pureportal.coventry.ac.uk/en/publications/mappe-per-transizioni-verso-unecologia-sociale,"[{""name"": ""Morini, L."", ""link"": ""https://pureportal.coventry.ac.uk/en/persons/luca-morini""}]",,10 Dec 2012
Mapping the Field over 40 Years: A Historical Review,https://pureportal.coventry.ac.uk/en/publications/mapping-the-field-over-40-years-a-historical-review,"[{""name"": ""Crawford, M."", ""link"": ""https://pureportal.coventry.ac.uk/en/persons/megan-crawford""}]",,5 Sept 2012
Introduction,https://pureportal.coventry.ac.uk/en/publications/introduction-27,"[{""name"": ""Angelov, D."", ""link"": ""https://pureportal.coventry.ac.uk/en/persons/dimitar-angelov""}]",,2010
Introduction,https://pureportal.coventry.ac.uk/en/publications/introduction-28,"[{""name"": ""Angelov, D."", ""link"": ""https://pureportal.coventry.ac.uk/en/persons/dimitar-angelov""}]",,2010
Participatory action research: An integrated approach towards practice development,https://pureportal.coventry.ac.uk/en/publications/participatory-action-research-an-integrated-approach-towards-prac,"[{""name"": ""Wimpenny, K."", ""link"": ""https://pureportal.coventry.ac.uk/en/persons/katherine-wimpenny""}]",,7 Apr 2010
A Heterogeneous Identity: The Case of the Etruscans,https://pureportal.coventry.ac.uk/en/publications/a-heterogeneous-identity-the-case-of-the-etruscans,"[{""name"": ""Angelov, D."", ""link"": ""https://pureportal.coventry.ac.uk/en/persons/dimitar-angelov""}]",,2008
Eǧitim örgütlerinde entelektüel sermayenin yönetimi,https://pureportal.coventry.ac.uk/en/publications/e%C7%A7itim-%C3%B6rg%C3%BCtlerinde-entelekt%C3%BCel-sermayenin-y%C3%B6netimi,"[{""name"": ""Karakus, M."", ""link"": ""https://pureportal.coventry.ac.uk/en/persons/mehmet-karakus""}]",,2008
Practising cultural sensitivity in virtual spaces,https://pureportal.coventry.ac.uk/en/publications/practising-cultural-sensitivity-in-virtual-spaces,"[{""name"": ""Wimpenny, K."", ""link"": ""https://pureportal.coventry.ac.uk/en/persons/katherine-wimpenny""}]",,30 Sept 2006
The charismatic school leader:  Potent myth or persuasive effect?,https://pureportal.coventry.ac.uk/en/publications/the-charismatic-school-leader-potent-myth-or-persuasive-effect,"[{""name"": ""Crawford, M."", ""link"": ""https://pureportal.coventry.ac.uk/en/persons/megan-crawford""}]",,1 Dec 2002
Strategic and resource management in primary schools: Evidence from OfSTED inspection reports,https://pureportal.coventry.ac.uk/en/publications/strategic-and-resource-management-in-primary-schools-evidence-fro,"[{""name"": ""Crawford, M."", ""link"": ""https://pureportal.coventry.ac.uk/en/persons/megan-crawford""}]",,1 Dec 1997
